Prod_name,Jan,Feb,Mar,Apr,May,Jun,Totalsales,Avgsales
AC,1000,500,1700,2900,2200,500,8800,1466.6666666666667
TV,2000,1500,3700,900,3200,400,11700,1950.0
Microwave,3000,3500,700,1900,4200,300,13600,2266.6666666666665
Refrigerator,4000,4500,2700,4900,200,200,16500,2750.0
Dish Washer,5000,2500,4700,3900,1200,100,17400,2900.0
